{
    "0": {
        "idproduto": "0",
        "nome": "Sem nome ainda...",
        "desc": "Sem descrição ainda...",
        "preco": "10",
        "conta": []
    },
    "painel": {
        "idproduto": "painel",
        "nome": "PAINEL DE SEGUIDORES",
        "desc": "✅ Melhor Painel De Revenda De Seguidores\n✅ Tudo Barato Nele\n✅ Minimo Pra Recarga 1 Real",
        "preco": "15",
        "conta": [
            "https://imperioseguidores.online/",
            "https://imperioseguidores.online/",
            "https://imperioseguidores.online/",
            "https://imperioseguidores.online/",
            "https://imperioseguidores.online/",
            "https://imperioseguidores.online/",
            "https://imperioseguidores.online/",
            "https://imperioseguidores.online/",
            "https://imperioseguidores.online/",
            "https://imperioseguidores.online/",
            "https://imperioseguidores.online/",
            "https://imperioseguidores.online/",
            "https://imperioseguidores.online/",
            "https://imperioseguidores.online/",
            "https://imperioseguidores.online/",
            "https://imperioseguidores.online/",
            "https://imperioseguidores.online/"
        ]
    },
    "conta": {
        "idproduto": "conta",
        "nome": "Conta discord com 1 mês de criaçao",
        "desc": "✅ Conta virgem (nunca teve N1tr0)\n✅ Conta com 1 mês de criação\n✅ Use para ativar N1tr0 Trimensal (3 meses)\n✅ Conta full acesso, é só sua!\n✅ Trocar email e senha",
        "preco": "6",
        "conta": [
            "eloise.gibson.041796@rambler.ru:ZeT0i7Pw4N1a",
            "violet.martin.128063@rambler.ru:7pye93NEL5Ht",
            "audrey.kelly.768129@rambler.ru:u26c6eXDXzS3",
            "olivia.payne.781690@rambler.ru:Vsp995G3YIoz",
            "gianna.wilson.471538@rambler.ru:yfg9CCK42E3c",
            "gianna.kelly.096543@rambler.ru:c332mPNb9sOH"
        ]
    },
    "kit": {
        "idproduto": "kit",
        "nome": "Kit Bico",
        "desc": "✅ Documentos Virgems\n✅ Abre Qualquer Lara\n✅ Qualidade Em Ate 4k",
        "preco": "5",
        "conta": [
            "OBAAAA VOCE ADIQUIRIU NOSSO DOC VIRGEMCHAMA O ADM NO PV PARA PEGAR SEU DOCUMENTO VIRGEM!!!!",
            "OBAAAA VOCE ADIQUIRIU NOSSO DOC VIRGEMCHAMA O ADM NO PV PARA PEGAR SEU DOCUMENTO VIRGEM!!!!",
            "OBAAAA VOCE ADIQUIRIU NOSSO DOC VIRGEMCHAMA O ADM NO PV PARA PEGAR SEU DOCUMENTO VIRGEM!!!!",
            "OBAAAA VOCE ADIQUIRIU NOSSO DOC VIRGEMCHAMA O ADM NO PV PARA PEGAR SEU DOCUMENTO VIRGEM!!!!",
            "OBAAAA VOCE ADIQUIRIU NOSSO DOC VIRGEMCHAMA O ADM NO PV PARA PEGAR SEU DOCUMENTO VIRGEM!!!!",
            "OBAAAA VOCE ADIQUIRIU NOSSO DOC VIRGEMCHAMA O ADM NO PV PARA PEGAR SEU DOCUMENTO VIRGEM!!!!",
            "OBAAAA VOCE ADIQUIRIU NOSSO DOC VIRGEMCHAMA O ADM NO PV PARA PEGAR SEU DOCUMENTO VIRGEM!!!!",
            "OBAAAA VOCE ADIQUIRIU NOSSO DOC VIRGEMCHAMA O ADM NO PV PARA PEGAR SEU DOCUMENTO VIRGEM!!!!",
            "OBAAAA VOCE ADIQUIRIU NOSSO DOC VIRGEMCHAMA O ADM NO PV PARA PEGAR SEU DOCUMENTO VIRGEM!!!!",
            "OBAAAA VOCE ADIQUIRIU NOSSO DOC VIRGEMCHAMA O ADM NO PV PARA PEGAR SEU DOCUMENTO VIRGEM!!!!",
            "OBAAAA VOCE ADIQUIRIU NOSSO DOC VIRGEMCHAMA O ADM NO PV PARA PEGAR SEU DOCUMENTO VIRGEM!!!!",
            "OBAAAA VOCE ADIQUIRIU NOSSO DOC VIRGEMCHAMA O ADM NO PV PARA PEGAR SEU DOCUMENTO VIRGEM!!!!",
            "OBAAAA VOCE ADIQUIRIU NOSSO DOC VIRGEMCHAMA O ADM NO PV PARA PEGAR SEU DOCUMENTO VIRGEM!!!!",
            "OBAAAA VOCE ADIQUIRIU NOSSO DOC VIRGEMCHAMA O ADM NO PV PARA PEGAR SEU DOCUMENTO VIRGEM!!!!",
            "OBAAAA VOCE ADIQUIRIU NOSSO DOC VIRGEMCHAMA O ADM NO PV PARA PEGAR SEU DOCUMENTO VIRGEM!!!!",
            "OBAAAA VOCE ADIQUIRIU NOSSO DOC VIRGEMCHAMA O ADM NO PV PARA PEGAR SEU DOCUMENTO VIRGEM!!!!"
        ]
    },
    "ativaçao": {
        "idproduto": "ativaçao",
        "nome": "ativaçao nitro",
        "desc": "✅ Ativação do N1tr0 link Trimensal\n✅ É necessário fornecer a conta do Discord e o link do N1tr0\n✅ Preciso entrar na conta do Discord\n✅ Se tem medo de scam nem compra",
        "preco": "1.50",
        "conta": [
            "Boaaa Agora Chame O Dono No Pv E Mande A Conta Que Você Quer Ativar O Nitro",
            "Boaaa Agora Chame O Dono No Pv E Mande A Conta Que Você Quer Ativar O Nitro",
            "Boaaa Agora Chame O Dono No Pv E Mande A Conta Que Você Quer Ativar O Nitro",
            "Boaaa Agora Chame O Dono No Pv E Mande A Conta Que Você Quer Ativar O Nitro",
            "Boaaa Agora Chame O Dono No Pv E Mande A Conta Que Você Quer Ativar O Nitro",
            "Boaaa Agora Chame O Dono No Pv E Mande A Conta Que Você Quer Ativar O Nitro",
            "Boaaa Agora Chame O Dono No Pv E Mande A Conta Que Você Quer Ativar O Nitro",
            "Boaaa Agora Chame O Dono No Pv E Mande A Conta Que Você Quer Ativar O Nitro",
            "Boaaa Agora Chame O Dono No Pv E Mande A Conta Que Você Quer Ativar O Nitro",
            "Boaaa Agora Chame O Dono No Pv E Mande A Conta Que Você Quer Ativar O Nitro",
            "Boaaa Agora Chame O Dono No Pv E Mande A Conta Que Você Quer Ativar O Nitro",
            "Boaaa Agora Chame O Dono No Pv E Mande A Conta Que Você Quer Ativar O Nitro",
            "Boaaa Agora Chame O Dono No Pv E Mande A Conta Que Você Quer Ativar O Nitro",
            "Boaaa Agora Chame O Dono No Pv E Mande A Conta Que Você Quer Ativar O Nitro",
            "Boaaa Agora Chame O Dono No Pv E Mande A Conta Que Você Quer Ativar O Nitro",
            "Boaaa Agora Chame O Dono No Pv E Mande A Conta Que Você Quer Ativar O Nitro",
            "Boaaa Agora Chame O Dono No Pv E Mande A Conta Que Você Quer Ativar O Nitro",
            "Boaaa Agora Chame O Dono No Pv E Mande A Conta Que Você Quer Ativar O Nitro",
            "Boaaa Agora Chame O Dono No Pv E Mande A Conta Que Você Quer Ativar O Nitro",
            "Boaaa Agora Chame O Dono No Pv E Mande A Conta Que Você Quer Ativar O Nitro",
            "Boaaa Agora Chame O Dono No Pv E Mande A Conta Que Você Quer Ativar O Nitro",
            "Boaaa Agora Chame O Dono No Pv E Mande A Conta Que Você Quer Ativar O Nitro",
            "Boaaa Agora Chame O Dono No Pv E Mande A Conta Que Você Quer Ativar O Nitro",
            "Boaaa Agora Chame O Dono No Pv E Mande A Conta Que Você Quer Ativar O Nitro",
            "Boaaa Agora Chame O Dono No Pv E Mande A Conta Que Você Quer Ativar O Nitro",
            "Boaaa Agora Chame O Dono No Pv E Mande A Conta Que Você Quer Ativar O Nitro",
            "Boaaa Agora Chame O Dono No Pv E Mande A Conta Que Você Quer Ativar O Nitro",
            "Boaaa Agora Chame O Dono No Pv E Mande A Conta Que Você Quer Ativar O Nitro",
            "Boaaa Agora Chame O Dono No Pv E Mande A Conta Que Você Quer Ativar O Nitro",
            "Boaaa Agora Chame O Dono No Pv E Mande A Conta Que Você Quer Ativar O Nitro",
            "Boaaa Agora Chame O Dono No Pv E Mande A Conta Que Você Quer Ativar O Nitro",
            "Boaaa Agora Chame O Dono No Pv E Mande A Conta Que Você Quer Ativar O Nitro",
            "Boaaa Agora Chame O Dono No Pv E Mande A Conta Que Você Quer Ativar O Nitro",
            "Boaaa Agora Chame O Dono No Pv E Mande A Conta Que Você Quer Ativar O Nitro",
            "Boaaa Agora Chame O Dono No Pv E Mande A Conta Que Você Quer Ativar O Nitro",
            "Boaaa Agora Chame O Dono No Pv E Mande A Conta Que Você Quer Ativar O Nitro",
            "Boaaa Agora Chame O Dono No Pv E Mande A Conta Que Você Quer Ativar O Nitro",
            "Boaaa Agora Chame O Dono No Pv E Mande A Conta Que Você Quer Ativar O Nitro",
            "Boaaa Agora Chame O Dono No Pv E Mande A Conta Que Você Quer Ativar O Nitro",
            "Boaaa Agora Chame O Dono No Pv E Mande A Conta Que Você Quer Ativar O Nitro",
            "Boaaa Agora Chame O Dono No Pv E Mande A Conta Que Você Quer Ativar O Nitro",
            "Boaaa Agora Chame O Dono No Pv E Mande A Conta Que Você Quer Ativar O Nitro",
            "Boaaa Agora Chame O Dono No Pv E Mande A Conta Que Você Quer Ativar O Nitro",
            "Boaaa Agora Chame O Dono No Pv E Mande A Conta Que Você Quer Ativar O Nitro",
            "Boaaa Agora Chame O Dono No Pv E Mande A Conta Que Você Quer Ativar O Nitro",
            "Boaaa Agora Chame O Dono No Pv E Mande A Conta Que Você Quer Ativar O Nitro",
            "Boaaa Agora Chame O Dono No Pv E Mande A Conta Que Você Quer Ativar O Nitro"
        ]
    },
    "doaçao": {
        "idproduto": "doaçao",
        "nome": "DOAÇÃO",
        "desc": "ajude nois com uma doaçao!!!",
        "preco": "1",
        "conta": [
            "tmj meu mn chame o hydra no pv para vc pegar sua recompensa!!",
            "tmj meu mn chame o hydra no pv para vc pegar sua recompensa!!",
            "tmj meu mn chame o hydra no pv para vc pegar sua recompensa!!",
            "tmj meu mn chame o hydra no pv para vc pegar sua recompensa!!",
            "tmj meu mn chame o hydra no pv para vc pegar sua recompensa!!",
            "tmj meu mn chame o hydra no pv para vc pegar sua recompensa!!",
            "tmj meu mn chame o hydra no pv para vc pegar sua recompensa!!",
            "tmj meu mn chame o hydra no pv para vc pegar sua recompensa!!",
            "tmj meu mn chame o hydra no pv para vc pegar sua recompensa!!",
            "tmj meu mn chame o hydra no pv para vc pegar sua recompensa!!",
            "tmj meu mn chame o hydra no pv para vc pegar sua recompensa!!",
            "tmj meu mn chame o hydra no pv para vc pegar sua recompensa!!",
            "tmj meu mn chame o hydra no pv para vc pegar sua recompensa!!",
            "tmj meu mn chame o hydra no pv para vc pegar sua recompensa!!",
            "tmj meu mn chame o hydra no pv para vc pegar sua recompensa!!",
            "tmj meu mn chame o hydra no pv para vc pegar sua recompensa!!",
            "tmj meu mn chame o hydra no pv para vc pegar sua recompensa!!",
            "tmj meu mn chame o hydra no pv para vc pegar sua recompensa!!",
            "tmj meu mn chame o hydra no pv para vc pegar sua recompensa!!",
            "tmj meu mn chame o hydra no pv para vc pegar sua recompensa!!",
            "tmj meu mn chame o hydra no pv para vc pegar sua recompensa!!",
            "tmj meu mn chame o hydra no pv para vc pegar sua recompensa!!",
            "tmj meu mn chame o hydra no pv para vc pegar sua recompensa!!",
            "tmj meu mn chame o hydra no pv para vc pegar sua recompensa!!",
            "tmj meu mn chame o hydra no pv para vc pegar sua recompensa!!",
            "tmj meu mn chame o hydra no pv para vc pegar sua recompensa!!",
            "tmj meu mn chame o hydra no pv para vc pegar sua recompensa!!",
            "tmj meu mn chame o hydra no pv para vc pegar sua recompensa!!",
            "tmj meu mn chame o hydra no pv para vc pegar sua recompensa!!",
            "tmj meu mn chame o hydra no pv para vc pegar sua recompensa!!",
            "tmj meu mn chame o hydra no pv para vc pegar sua recompensa!!",
            "tmj meu mn chame o hydra no pv para vc pegar sua recompensa!!",
            "tmj meu mn chame o hydra no pv para vc pegar sua recompensa!!",
            "tmj meu mn chame o hydra no pv para vc pegar sua recompensa!!",
            "tmj meu mn chame o hydra no pv para vc pegar sua recompensa!!",
            "tmj meu mn chame o hydra no pv para vc pegar sua recompensa!!",
            "tmj meu mn chame o hydra no pv para vc pegar sua recompensa!!",
            "tmj meu mn chame o hydra no pv para vc pegar sua recompensa!!",
            "tmj meu mn chame o hydra no pv para vc pegar sua recompensa!!",
            "tmj meu mn chame o hydra no pv para vc pegar sua recompensa!!",
            "tmj meu mn chame o hydra no pv para vc pegar sua recompensa!!",
            "tmj meu mn chame o hydra no pv para vc pegar sua recompensa!!",
            "tmj meu mn chame o hydra no pv para vc pegar sua recompensa!!",
            "tmj meu mn chame o hydra no pv para vc pegar sua recompensa!!",
            "tmj meu mn chame o hydra no pv para vc pegar sua recompensa!!",
            "tmj meu mn chame o hydra no pv para vc pegar sua recompensa!!",
            "tmj meu mn chame o hydra no pv para vc pegar sua recompensa!!",
            "tmj meu mn chame o hydra no pv para vc pegar sua recompensa!!",
            "tmj meu mn chame o hydra no pv para vc pegar sua recompensa!!",
            "tmj meu mn chame o hydra no pv para vc pegar sua recompensa!!",
            "tmj meu mn chame o hydra no pv para vc pegar sua recompensa!!",
            "tmj meu mn chame o hydra no pv para vc pegar sua recompensa!!",
            "tmj meu mn chame o hydra no pv para vc pegar sua recompensa!!",
            "tmj meu mn chame o hydra no pv para vc pegar sua recompensa!!",
            "tmj meu mn chame o hydra no pv para vc pegar sua recompensa!!",
            "tmj meu mn chame o hydra no pv para vc pegar sua recompensa!!",
            "tmj meu mn chame o hydra no pv para vc pegar sua recompensa!!",
            "tmj meu mn chame o hydra no pv para vc pegar sua recompensa!!",
            "tmj meu mn chame o hydra no pv para vc pegar sua recompensa!!",
            "tmj meu mn chame o hydra no pv para vc pegar sua recompensa!!",
            "tmj meu mn chame o hydra no pv para vc pegar sua recompensa!!",
            "tmj meu mn chame o hydra no pv para vc pegar sua recompensa!!",
            "tmj meu mn chame o hydra no pv para vc pegar sua recompensa!!",
            "tmj meu mn chame o hydra no pv para vc pegar sua recompensa!!",
            "tmj meu mn chame o hydra no pv para vc pegar sua recompensa!!",
            "tmj meu mn chame o hydra no pv para vc pegar sua recompensa!!",
            "tmj meu mn chame o hydra no pv para vc pegar sua recompensa!!",
            "tmj meu mn chame o hydra no pv para vc pegar sua recompensa!!",
            "tmj meu mn chame o hydra no pv para vc pegar sua recompensa!!",
            "tmj meu mn chame o hydra no pv para vc pegar sua recompensa!!",
            "tmj meu mn chame o hydra no pv para vc pegar sua recompensa!!",
            "tmj meu mn chame o hydra no pv para vc pegar sua recompensa!!",
            "tmj meu mn chame o hydra no pv para vc pegar sua recompensa!!",
            "tmj meu mn chame o hydra no pv para vc pegar sua recompensa!!",
            "tmj meu mn chame o hydra no pv para vc pegar sua recompensa!!",
            "tmj meu mn chame o hydra no pv para vc pegar sua recompensa!!",
            "tmj meu mn chame o hydra no pv para vc pegar sua recompensa!!",
            "tmj meu mn chame o hydra no pv para vc pegar sua recompensa!!",
            "tmj meu mn chame o hydra no pv para vc pegar sua recompensa!!",
            "tmj meu mn chame o hydra no pv para vc pegar sua recompensa!!",
            "tmj meu mn chame o hydra no pv para vc pegar sua recompensa!!",
            "tmj meu mn chame o hydra no pv para vc pegar sua recompensa!!",
            "tmj meu mn chame o hydra no pv para vc pegar sua recompensa!!",
            "tmj meu mn chame o hydra no pv para vc pegar sua recompensa!!",
            "tmj meu mn chame o hydra no pv para vc pegar sua recompensa!!",
            "tmj meu mn chame o hydra no pv para vc pegar sua recompensa!!",
            "tmj meu mn chame o hydra no pv para vc pegar sua recompensa!!",
            "tmj meu mn chame o hydra no pv para vc pegar sua recompensa!!",
            "tmj meu mn chame o hydra no pv para vc pegar sua recompensa!!",
            "tmj meu mn chame o hydra no pv para vc pegar sua recompensa!!",
            "tmj meu mn chame o hydra no pv para vc pegar sua recompensa!!",
            "tmj meu mn chame o hydra no pv para vc pegar sua recompensa!!",
            "tmj meu mn chame o hydra no pv para vc pegar sua recompensa!!",
            "tmj meu mn chame o hydra no pv para vc pegar sua recompensa!!",
            "tmj meu mn chame o hydra no pv para vc pegar sua recompensa!!",
            "tmj meu mn chame o hydra no pv para vc pegar sua recompensa!!",
            "tmj meu mn chame o hydra no pv para vc pegar sua recompensa!!",
            "tmj meu mn chame o hydra no pv para vc pegar sua recompensa!!",
            "tmj meu mn chame o hydra no pv para vc pegar sua recompensa!!",
            "tmj meu mn chame o hydra no pv para vc pegar sua recompensa!!",
            "tmj meu mn chame o hydra no pv para vc pegar sua recompensa!!",
            "tmj meu mn chame o hydra no pv para vc pegar sua recompensa!!",
            "tmj meu mn chame o hydra no pv para vc pegar sua recompensa!!",
            "tmj meu mn chame o hydra no pv para vc pegar sua recompensa!!",
            "tmj meu mn chame o hydra no pv para vc pegar sua recompensa!!",
            "tmj meu mn chame o hydra no pv para vc pegar sua recompensa!!",
            "tmj meu mn chame o hydra no pv para vc pegar sua recompensa!!",
            "tmj meu mn chame o hydra no pv para vc pegar sua recompensa!!",
            "tmj meu mn chame o hydra no pv para vc pegar sua recompensa!!",
            "tmj meu mn chame o hydra no pv para vc pegar sua recompensa!!",
            "tmj meu mn chame o hydra no pv para vc pegar sua recompensa!!",
            "tmj meu mn chame o hydra no pv para vc pegar sua recompensa!!",
            "tmj meu mn chame o hydra no pv para vc pegar sua recompensa!!",
            "tmj meu mn chame o hydra no pv para vc pegar sua recompensa!!",
            "tmj meu mn chame o hydra no pv para vc pegar sua recompensa!!",
            "tmj meu mn chame o hydra no pv para vc pegar sua recompensa!!",
            "tmj meu mn chame o hydra no pv para vc pegar sua recompensa!!",
            "tmj meu mn chame o hydra no pv para vc pegar sua recompensa!!",
            "tmj meu mn chame o hydra no pv para vc pegar sua recompensa!!",
            "tmj meu mn chame o hydra no pv para vc pegar sua recompensa!!",
            "tmj meu mn chame o hydra no pv para vc pegar sua recompensa!!",
            "tmj meu mn chame o hydra no pv para vc pegar sua recompensa!!",
            "tmj meu mn chame o hydra no pv para vc pegar sua recompensa!!",
            "tmj meu mn chame o hydra no pv para vc pegar sua recompensa!!",
            "tmj meu mn chame o hydra no pv para vc pegar sua recompensa!!",
            "tmj meu mn chame o hydra no pv para vc pegar sua recompensa!!"
        ]
    },
    "spotify": {
        "idproduto": "spotify",
        "nome": ".setar spotify",
        "desc": "✅ Conta Spotify Premium \n✅ Mensal ou anual\n✅ Garantia de 30d\n\n⚠️ Caso venha com senha errada Abre Ticket e faço a troca",
        "preco": "10",
        "conta": [
            "para pegar seu produto chame o dono no pv",
            "para pegar seu produto chame o dono no pv",
            "para pegar seu produto chame o dono no pv",
            "para pegar seu produto chame o dono no pv",
            "para pegar seu produto chame o dono no pv",
            "para pegar seu produto chame o dono no pv",
            "para pegar seu produto chame o dono no pv",
            "para pegar seu produto chame o dono no pv",
            "para pegar seu produto chame o dono no pv",
            "para pegar seu produto chame o dono no pv",
            "para pegar seu produto chame o dono no pv",
            "para pegar seu produto chame o dono no pv",
            "para pegar seu produto chame o dono no pv",
            "para pegar seu produto chame o dono no pv",
            "para pegar seu produto chame o dono no pv",
            "para pegar seu produto chame o dono no pv",
            "para pegar seu produto chame o dono no pv",
            "para pegar seu produto chame o dono no pv",
            "para pegar seu produto chame o dono no pv",
            "para pegar seu produto chame o dono no pv",
            "para pegar seu produto chame o dono no pv",
            "para pegar seu produto chame o dono no pv",
            "para pegar seu produto chame o dono no pv",
            "para pegar seu produto chame o dono no pv",
            "para pegar seu produto chame o dono no pv",
            "para pegar seu produto chame o dono no pv",
            "para pegar seu produto chame o dono no pv",
            "para pegar seu produto chame o dono no pv",
            "para pegar seu produto chame o dono no pv",
            "para pegar seu produto chame o dono no pv",
            "para pegar seu produto chame o dono no pv",
            "para pegar seu produto chame o dono no pv",
            "para pegar seu produto chame o dono no pv",
            "para pegar seu produto chame o dono no pv",
            "para pegar seu produto chame o dono no pv",
            "para pegar seu produto chame o dono no pv",
            "para pegar seu produto chame o dono no pv",
            "para pegar seu produto chame o dono no pv",
            "para pegar seu produto chame o dono no pv",
            "para pegar seu produto chame o dono no pv",
            "para pegar seu produto chame o dono no pv",
            "para pegar seu produto chame o dono no pv",
            "para pegar seu produto chame o dono no pv",
            "para pegar seu produto chame o dono no pv",
            "para pegar seu produto chame o dono no pv",
            "para pegar seu produto chame o dono no pv",
            "para pegar seu produto chame o dono no pv",
            "para pegar seu produto chame o dono no pv",
            "para pegar seu produto chame o dono no pv",
            "para pegar seu produto chame o dono no pv",
            "para pegar seu produto chame o dono no pv",
            "para pegar seu produto chame o dono no pv",
            "para pegar seu produto chame o dono no pv",
            "para pegar seu produto chame o dono no pv",
            "para pegar seu produto chame o dono no pv",
            "para pegar seu produto chame o dono no pv",
            "para pegar seu produto chame o dono no pv",
            "para pegar seu produto chame o dono no pv",
            "para pegar seu produto chame o dono no pv",
            "para pegar seu produto chame o dono no pv",
            "para pegar seu produto chame o dono no pv",
            "para pegar seu produto chame o dono no pv",
            "para pegar seu produto chame o dono no pv",
            "para pegar seu produto chame o dono no pv",
            "para pegar seu produto chame o dono no pv",
            "para pegar seu produto chame o dono no pv",
            "para pegar seu produto chame o dono no pv",
            "para pegar seu produto chame o dono no pv",
            "para pegar seu produto chame o dono no pv",
            "para pegar seu produto chame o dono no pv",
            "para pegar seu produto chame o dono no pv",
            "para pegar seu produto chame o dono no pv",
            "para pegar seu produto chame o dono no pv",
            "para pegar seu produto chame o dono no pv",
            "para pegar seu produto chame o dono no pv",
            "para pegar seu produto chame o dono no pv",
            "para pegar seu produto chame o dono no pv",
            "para pegar seu produto chame o dono no pv",
            "para pegar seu produto chame o dono no pv",
            "para pegar seu produto chame o dono no pv",
            "para pegar seu produto chame o dono no pv",
            "para pegar seu produto chame o dono no pv",
            "para pegar seu produto chame o dono no pv",
            "para pegar seu produto chame o dono no pv",
            "para pegar seu produto chame o dono no pv",
            "para pegar seu produto chame o dono no pv",
            "para pegar seu produto chame o dono no pv",
            "para pegar seu produto chame o dono no pv",
            "para pegar seu produto chame o dono no pv",
            "para pegar seu produto chame o dono no pv",
            "para pegar seu produto chame o dono no pv",
            "para pegar seu produto chame o dono no pv",
            "para pegar seu produto chame o dono no pv",
            "para pegar seu produto chame o dono no pv"
        ]
    },
    "método-nitro": {
        "idproduto": "método-nitro",
        "nome": "Método Nitro",
        "desc": "✅ METODO PRA APROVAR NITRO VARIAS VEZES\n✅ METODO FUNCIONA\n✅ FUNCIONA NO CELULAR",
        "preco": "10",
        "conta": [
            "https://www.youtube.com/watch?v=vdskUtKUOJA",
            "https://www.youtube.com/watch?v=vdskUtKUOJA",
            "https://www.youtube.com/watch?v=vdskUtKUOJA",
            "https://www.youtube.com/watch?v=vdskUtKUOJA",
            "https://www.youtube.com/watch?v=vdskUtKUOJA",
            "https://www.youtube.com/watch?v=vdskUtKUOJA",
            "https://www.youtube.com/watch?v=vdskUtKUOJA",
            "https://www.youtube.com/watch?v=vdskUtKUOJA",
            "https://www.youtube.com/watch?v=vdskUtKUOJA",
            "https://www.youtube.com/watch?v=vdskUtKUOJA",
            "https://www.youtube.com/watch?v=vdskUtKUOJA",
            "https://www.youtube.com/watch?v=vdskUtKUOJA",
            "https://www.youtube.com/watch?v=vdskUtKUOJA",
            "https://www.youtube.com/watch?v=vdskUtKUOJA",
            "https://www.youtube.com/watch?v=vdskUtKUOJA",
            "https://www.youtube.com/watch?v=vdskUtKUOJA",
            "https://www.youtube.com/watch?v=vdskUtKUOJA",
            "https://www.youtube.com/watch?v=vdskUtKUOJA",
            "https://www.youtube.com/watch?v=vdskUtKUOJA",
            "https://www.youtube.com/watch?v=vdskUtKUOJA",
            "https://www.youtube.com/watch?v=vdskUtKUOJA",
            "https://www.youtube.com/watch?v=vdskUtKUOJA",
            "https://www.youtube.com/watch?v=vdskUtKUOJA",
            "https://www.youtube.com/watch?v=vdskUtKUOJA",
            "https://www.youtube.com/watch?v=vdskUtKUOJA",
            "https://www.youtube.com/watch?v=vdskUtKUOJA",
            "https://www.youtube.com/watch?v=vdskUtKUOJA",
            "https://www.youtube.com/watch?v=vdskUtKUOJA",
            "https://www.youtube.com/watch?v=vdskUtKUOJA",
            "https://www.youtube.com/watch?v=vdskUtKUOJA",
            "https://www.youtube.com/watch?v=vdskUtKUOJA",
            "https://www.youtube.com/watch?v=vdskUtKUOJA",
            "https://www.youtube.com/watch?v=vdskUtKUOJA",
            "https://www.youtube.com/watch?v=vdskUtKUOJA",
            "https://www.youtube.com/watch?v=vdskUtKUOJA",
            "https://www.youtube.com/watch?v=vdskUtKUOJA",
            "https://www.youtube.com/watch?v=vdskUtKUOJA",
            "https://www.youtube.com/watch?v=vdskUtKUOJA",
            "https://www.youtube.com/watch?v=vdskUtKUOJA",
            "https://www.youtube.com/watch?v=vdskUtKUOJA",
            "https://www.youtube.com/watch?v=vdskUtKUOJA",
            "https://www.youtube.com/watch?v=vdskUtKUOJA",
            "https://www.youtube.com/watch?v=vdskUtKUOJA",
            "https://www.youtube.com/watch?v=vdskUtKUOJA",
            "https://www.youtube.com/watch?v=vdskUtKUOJA",
            "https://www.youtube.com/watch?v=vdskUtKUOJA",
            "https://www.youtube.com/watch?v=vdskUtKUOJA",
            "https://www.youtube.com/watch?v=vdskUtKUOJA",
            "https://www.youtube.com/watch?v=vdskUtKUOJA",
            "https://www.youtube.com/watch?v=vdskUtKUOJA",
            "https://www.youtube.com/watch?v=vdskUtKUOJA",
            "https://www.youtube.com/watch?v=vdskUtKUOJA",
            "https://www.youtube.com/watch?v=vdskUtKUOJA",
            "https://www.youtube.com/watch?v=vdskUtKUOJA",
            "https://www.youtube.com/watch?v=vdskUtKUOJA",
            "https://www.youtube.com/watch?v=vdskUtKUOJA",
            "https://www.youtube.com/watch?v=vdskUtKUOJA",
            "https://www.youtube.com/watch?v=vdskUtKUOJA",
            "https://www.youtube.com/watch?v=vdskUtKUOJA",
            "https://www.youtube.com/watch?v=vdskUtKUOJA",
            "https://www.youtube.com/watch?v=vdskUtKUOJA",
            "https://www.youtube.com/watch?v=vdskUtKUOJA",
            "https://www.youtube.com/watch?v=vdskUtKUOJA",
            "https://www.youtube.com/watch?v=vdskUtKUOJA",
            "https://www.youtube.com/watch?v=vdskUtKUOJA",
            "https://www.youtube.com/watch?v=vdskUtKUOJA",
            "https://www.youtube.com/watch?v=vdskUtKUOJA",
            "https://www.youtube.com/watch?v=vdskUtKUOJA",
            "https://www.youtube.com/watch?v=vdskUtKUOJA",
            "https://www.youtube.com/watch?v=vdskUtKUOJA",
            "https://www.youtube.com/watch?v=vdskUtKUOJA",
            "https://www.youtube.com/watch?v=vdskUtKUOJA",
            "https://www.youtube.com/watch?v=vdskUtKUOJA",
            "https://www.youtube.com/watch?v=vdskUtKUOJA",
            "https://www.youtube.com/watch?v=vdskUtKUOJA",
            "https://www.youtube.com/watch?v=vdskUtKUOJA",
            "https://www.youtube.com/watch?v=vdskUtKUOJA",
            "https://www.youtube.com/watch?v=vdskUtKUOJA",
            "https://www.youtube.com/watch?v=vdskUtKUOJA",
            "https://www.youtube.com/watch?v=vdskUtKUOJA",
            "https://www.youtube.com/watch?v=vdskUtKUOJA",
            "https://www.youtube.com/watch?v=vdskUtKUOJA",
            "https://www.youtube.com/watch?v=vdskUtKUOJA"
        ]
    },
    "ativação-nitro": {
        "idproduto": "ativação-nitro",
        "nome": "Ativação Nitro",
        "desc": "Para Você Ativar Seu Nitro Necessita Você Nunca Ter Tido Antes",
        "preco": ".estoque",
        "conta": [
            "para pegar seu produto chame o dono no pv",
            "para pegar seu produto chame o dono no pv",
            "para pegar seu produto chame o dono no pv",
            "para pegar seu produto chame o dono no pv",
            "para pegar seu produto chame o dono no pv",
            "para pegar seu produto chame o dono no pv",
            "para pegar seu produto chame o dono no pv",
            "para pegar seu produto chame o dono no pv",
            "para pegar seu produto chame o dono no pv",
            "para pegar seu produto chame o dono no pv",
            "para pegar seu produto chame o dono no pv",
            "para pegar seu produto chame o dono no pv",
            "para pegar seu produto chame o dono no pv",
            "para pegar seu produto chame o dono no pv",
            "para pegar seu produto chame o dono no pv",
            "para pegar seu produto chame o dono no pv",
            "para pegar seu produto chame o dono no pv",
            "para pegar seu produto chame o dono no pv",
            "para pegar seu produto chame o dono no pv",
            "para pegar seu produto chame o dono no pv",
            "para pegar seu produto chame o dono no pv",
            "para pegar seu produto chame o dono no pv",
            "para pegar seu produto chame o dono no pv"
        ]
    },
    "source": {
        "idproduto": "source",
        "nome": "Source Bot",
        "desc": "✅ Gera Pix e QR CODE automático de acordo com o preço do produto\n✅ Sistema de entregas 100% automáticas e via DM\n✅ Sistema de adicionar vários produtos de uma vez só\n✅ Sistema de backup dos seus produtos\n✅ Sistema de gerenciar um produto, alterar nome, preço e descrição\n✅ Sistema de alterar o nome do bot\n✅ Sistema de alterar o avatar do bot\n✅ Sistema de alterar o banner da embed do bot\n✅ Sistema de alterar a cor da embed do bot\n✅ Sistema de setar cargo automaticamente após a compra do produto\n✅ Sistema de configurar a categoria de carrinho\n✅ Sistema de configurar canal de logs de vendas\n✅ Sistema de configurar canal de logs de vendas staff\n✅ Sistema de configurar o status do bot\n✅ Sistema de criar cupons de desconto\n✅ Sistema de configurar cupons de desconto\n✅ Sistema de adicionar permissão de dono no bot\n✅ Sistema de remover permissão de dono no bot\n✅ Sistema de informações da compra\n✅ Sistema de limpar todas as mensagens do canal\n✅ Sistema de pegar o produto enviado para o cliente pelo ID da compra\n✅ Sistema de alterar o status da compra como pago pelo ID da compra\n✅ Sistema de gerar e resgatar códigos Gift\n✅ Sistema de adicionar permissões para um usuário no bot\n✅ Sistema de remover permissões de um usuário no bot\n✅ Sistema de status\n✅ Sistema de perfil\n✅ Sistema de ranking, os 10 clientes que mais compraram\n✅ Sistema de rendimentos\n✅ Sistema de reembolso com apenas um clique\n\n🤖 Não é o bot utilizado na Fire\n💎 Dou suporte, entrego a source tudo no seu ID e ajudo a deixar online \n🛑 Se você tentar mexer no código do bot e der erro eu não ajudo a resolver\n💸 Precisa de mercado pago +18 anos para conseguir gerar tudo automático\n🤔 Dúvidas? Abre ticket\n\n☄️ Caso queira testar o bot com permissões de dono antes de alugar, abre ticket",
        "preco": "10",
        "conta": [
            "para pegar seu produto chame o dono no pv",
            "para pegar seu produto chame o dono no pv",
            "para pegar seu produto chame o dono no pv",
            "para pegar seu produto chame o dono no pv",
            "para pegar seu produto chame o dono no pv",
            "para pegar seu produto chame o dono no pv",
            "para pegar seu produto chame o dono no pv",
            "para pegar seu produto chame o dono no pv",
            "para pegar seu produto chame o dono no pv",
            "para pegar seu produto chame o dono no pv",
            "para pegar seu produto chame o dono no pv",
            "para pegar seu produto chame o dono no pv",
            "para pegar seu produto chame o dono no pv",
            "para pegar seu produto chame o dono no pv",
            "para pegar seu produto chame o dono no pv",
            "para pegar seu produto chame o dono no pv",
            "para pegar seu produto chame o dono no pv",
            "para pegar seu produto chame o dono no pv",
            "para pegar seu produto chame o dono no pv",
            "para pegar seu produto chame o dono no pv",
            "para pegar seu produto chame o dono no pv",
            "para pegar seu produto chame o dono no pv",
            "para pegar seu produto chame o dono no pv",
            "para pegar seu produto chame o dono no pv",
            "para pegar seu produto chame o dono no pv",
            "para pegar seu produto chame o dono no pv",
            "para pegar seu produto chame o dono no pv",
            "para pegar seu produto chame o dono no pv",
            "para pegar seu produto chame o dono no pv",
            "para pegar seu produto chame o dono no pv",
            "para pegar seu produto chame o dono no pv",
            "para pegar seu produto chame o dono no pv",
            "para pegar seu produto chame o dono no pv",
            "para pegar seu produto chame o dono no pv",
            "para pegar seu produto chame o dono no pv",
            "para pegar seu produto chame o dono no pv",
            "para pegar seu produto chame o dono no pv",
            "para pegar seu produto chame o dono no pv",
            "para pegar seu produto chame o dono no pv",
            "para pegar seu produto chame o dono no pv",
            "para pegar seu produto chame o dono no pv",
            "para pegar seu produto chame o dono no pv",
            "para pegar seu produto chame o dono no pv",
            "para pegar seu produto chame o dono no pv",
            "para pegar seu produto chame o dono no pv",
            "para pegar seu produto chame o dono no pv",
            "para pegar seu produto chame o dono no pv",
            "para pegar seu produto chame o dono no pv",
            "para pegar seu produto chame o dono no pv",
            "para pegar seu produto chame o dono no pv",
            "para pegar seu produto chame o dono no pv",
            "para pegar seu produto chame o dono no pv",
            "para pegar seu produto chame o dono no pv",
            "para pegar seu produto chame o dono no pv",
            "para pegar seu produto chame o dono no pv",
            "para pegar seu produto chame o dono no pv",
            "para pegar seu produto chame o dono no pv",
            "para pegar seu produto chame o dono no pv",
            "para pegar seu produto chame o dono no pv",
            "para pegar seu produto chame o dono no pv",
            "para pegar seu produto chame o dono no pv",
            "para pegar seu produto chame o dono no pv",
            "para pegar seu produto chame o dono no pv",
            "para pegar seu produto chame o dono no pv",
            "para pegar seu produto chame o dono no pv",
            "para pegar seu produto chame o dono no pv",
            "para pegar seu produto chame o dono no pv",
            "para pegar seu produto chame o dono no pv",
            "para pegar seu produto chame o dono no pv",
            "para pegar seu produto chame o dono no pv",
            "para pegar seu produto chame o dono no pv",
            "para pegar seu produto chame o dono no pv",
            "para pegar seu produto chame o dono no pv",
            "para pegar seu produto chame o dono no pv",
            "para pegar seu produto chame o dono no pv",
            "para pegar seu produto chame o dono no pv",
            "para pegar seu produto chame o dono no pv",
            "para pegar seu produto chame o dono no pv",
            "para pegar seu produto chame o dono no pv",
            "para pegar seu produto chame o dono no pv"
        ]
    },
    "hbo": {
        "idproduto": "hbo",
        "nome": "Hbo max",
        "desc": "✅ Conta Hbo Max\n✅ Mensal ou anual\n✅ Garantia de 30d\n\n⚠️ Caso venha com senha errada Abre Ticket e faço a troca",
        "preco": "10",
        "conta": [
            "para pegar seu produto chame o dono no pv",
            "para pegar seu produto chame o dono no pv",
            "para pegar seu produto chame o dono no pv",
            "para pegar seu produto chame o dono no pv",
            "para pegar seu produto chame o dono no pv",
            "para pegar seu produto chame o dono no pv",
            "para pegar seu produto chame o dono no pv",
            "para pegar seu produto chame o dono no pv",
            "para pegar seu produto chame o dono no pv",
            "para pegar seu produto chame o dono no pv",
            "para pegar seu produto chame o dono no pv",
            "para pegar seu produto chame o dono no pv",
            "para pegar seu produto chame o dono no pv",
            "para pegar seu produto chame o dono no pv",
            "para pegar seu produto chame o dono no pv",
            "para pegar seu produto chame o dono no pv",
            "para pegar seu produto chame o dono no pv",
            "para pegar seu produto chame o dono no pv",
            "para pegar seu produto chame o dono no pv",
            "para pegar seu produto chame o dono no pv",
            "para pegar seu produto chame o dono no pv",
            "para pegar seu produto chame o dono no pv",
            "para pegar seu produto chame o dono no pv",
            "para pegar seu produto chame o dono no pv",
            "para pegar seu produto chame o dono no pv",
            "para pegar seu produto chame o dono no pv",
            "para pegar seu produto chame o dono no pv",
            "para pegar seu produto chame o dono no pv",
            "para pegar seu produto chame o dono no pv",
            "para pegar seu produto chame o dono no pv",
            "para pegar seu produto chame o dono no pv",
            "para pegar seu produto chame o dono no pv",
            "para pegar seu produto chame o dono no pv",
            "para pegar seu produto chame o dono no pv",
            "para pegar seu produto chame o dono no pv",
            "para pegar seu produto chame o dono no pv",
            "para pegar seu produto chame o dono no pv",
            "para pegar seu produto chame o dono no pv",
            "para pegar seu produto chame o dono no pv",
            "para pegar seu produto chame o dono no pv",
            "para pegar seu produto chame o dono no pv",
            "para pegar seu produto chame o dono no pv",
            "para pegar seu produto chame o dono no pv",
            "para pegar seu produto chame o dono no pv",
            "para pegar seu produto chame o dono no pv",
            "para pegar seu produto chame o dono no pv",
            "para pegar seu produto chame o dono no pv",
            "para pegar seu produto chame o dono no pv",
            "para pegar seu produto chame o dono no pv",
            "para pegar seu produto chame o dono no pv",
            "para pegar seu produto chame o dono no pv",
            "para pegar seu produto chame o dono no pv",
            "para pegar seu produto chame o dono no pv",
            "para pegar seu produto chame o dono no pv",
            "para pegar seu produto chame o dono no pv",
            "para pegar seu produto chame o dono no pv",
            "para pegar seu produto chame o dono no pv",
            "para pegar seu produto chame o dono no pv",
            "para pegar seu produto chame o dono no pv",
            "para pegar seu produto chame o dono no pv",
            "para pegar seu produto chame o dono no pv",
            "para pegar seu produto chame o dono no pv",
            "para pegar seu produto chame o dono no pv",
            "para pegar seu produto chame o dono no pv",
            "para pegar seu produto chame o dono no pv",
            "para pegar seu produto chame o dono no pv",
            "para pegar seu produto chame o dono no pv",
            "para pegar seu produto chame o dono no pv",
            "para pegar seu produto chame o dono no pv",
            "para pegar seu produto chame o dono no pv",
            "para pegar seu produto chame o dono no pv",
            "para pegar seu produto chame o dono no pv",
            "para pegar seu produto chame o dono no pv",
            "para pegar seu produto chame o dono no pv",
            "para pegar seu produto chame o dono no pv",
            "para pegar seu produto chame o dono no pv",
            "para pegar seu produto chame o dono no pv",
            "para pegar seu produto chame o dono no pv",
            "para pegar seu produto chame o dono no pv",
            "para pegar seu produto chame o dono no pv",
            "para pegar seu produto chame o dono no pv",
            "para pegar seu produto chame o dono no pv",
            "para pegar seu produto chame o dono no pv",
            "para pegar seu produto chame o dono no pv",
            "para pegar seu produto chame o dono no pv",
            "para pegar seu produto chame o dono no pv",
            "para pegar seu produto chame o dono no pv",
            "para pegar seu produto chame o dono no pv",
            "para pegar seu produto chame o dono no pv",
            "para pegar seu produto chame o dono no pv",
            "para pegar seu produto chame o dono no pv",
            "para pegar seu produto chame o dono no pv",
            "para pegar seu produto chame o dono no pv",
            "para pegar seu produto chame o dono no pv"
        ]
    },
    "steam": {
        "idproduto": "steam",
        "nome": "Steam Key",
        "desc": "✅ Pode vir qualquer jogo da Steam\n✅ 99,9% dos jogos são pagos\n✅ Não vem jogos com conteúdos +18",
        "preco": "2.50",
        "conta": [
            "TWJ42-25DRL-KTLMH.",
            "KDAV9-H573G-54YCH.",
            "4NR05-BYJA3-9QPZ8.",
            "9756J-02HQQ-4FEXD",
            "C7HGZ-JJEW7-DQ2I9",
            "C46D8-NKVZ3-TJMWP",
            "N0WDF-447JP-BFM75",
            "9T2C3-YAFKG-LTGVZ",
            "PNGLE-K8P2N-J5TCI"
        ]
    },
    "Youtube": {
        "idproduto": "Youtube",
        "nome": "Youtube Premium",
        "desc": "✅ Conta Youtube Premium\n✅ Mensal \n✅ Garantia de 30d\n\n⚠️ Caso venha com senha errada Abre Ticket e faço a troca",
        "preco": "10",
        "conta": [
            "para pegar seu produto chame o dono no pv",
            "para pegar seu produto chame o dono no pv",
            "para pegar seu produto chame o dono no pv",
            "para pegar seu produto chame o dono no pv",
            "para pegar seu produto chame o dono no pv",
            "para pegar seu produto chame o dono no pv",
            "para pegar seu produto chame o dono no pv",
            "para pegar seu produto chame o dono no pv",
            "para pegar seu produto chame o dono no pv",
            "para pegar seu produto chame o dono no pv",
            "para pegar seu produto chame o dono no pv",
            "para pegar seu produto chame o dono no pv",
            "para pegar seu produto chame o dono no pv",
            "para pegar seu produto chame o dono no pv",
            "para pegar seu produto chame o dono no pv",
            "para pegar seu produto chame o dono no pv",
            "para pegar seu produto chame o dono no pv",
            "para pegar seu produto chame o dono no pv",
            "para pegar seu produto chame o dono no pv",
            "para pegar seu produto chame o dono no pv",
            "para pegar seu produto chame o dono no pv",
            "para pegar seu produto chame o dono no pv",
            "para pegar seu produto chame o dono no pv",
            "para pegar seu produto chame o dono no pv",
            "para pegar seu produto chame o dono no pv",
            "para pegar seu produto chame o dono no pv",
            "para pegar seu produto chame o dono no pv",
            "para pegar seu produto chame o dono no pv",
            "para pegar seu produto chame o dono no pv",
            "para pegar seu produto chame o dono no pv",
            "para pegar seu produto chame o dono no pv",
            "para pegar seu produto chame o dono no pv",
            "para pegar seu produto chame o dono no pv",
            "para pegar seu produto chame o dono no pv",
            "para pegar seu produto chame o dono no pv",
            "para pegar seu produto chame o dono no pv",
            "para pegar seu produto chame o dono no pv",
            "para pegar seu produto chame o dono no pv",
            "para pegar seu produto chame o dono no pv",
            "para pegar seu produto chame o dono no pv",
            "para pegar seu produto chame o dono no pv",
            "para pegar seu produto chame o dono no pv",
            "para pegar seu produto chame o dono no pv",
            "para pegar seu produto chame o dono no pv",
            "para pegar seu produto chame o dono no pv",
            "para pegar seu produto chame o dono no pv",
            "para pegar seu produto chame o dono no pv",
            "para pegar seu produto chame o dono no pv"
        ]
    },
    "gta5": {
        "idproduto": "gta5",
        "nome": "CONTA COM GTA 5",
        "desc": "✅ Conta Rockstar Com GTA V\n✅ Preço Mais Justo\n✅ Conta Full Acesso!\n❌ Não Vinculada a Nenhuma plataforma\n✅ Pode Vincular A Sua Steam ou Epic games",
        "preco": "25",
        "conta": [
            "para pegar seu produto chame o dono no pv",
            "para pegar seu produto chame o dono no pv",
            "para pegar seu produto chame o dono no pv",
            "para pegar seu produto chame o dono no pv",
            "para pegar seu produto chame o dono no pv",
            "para pegar seu produto chame o dono no pv",
            "para pegar seu produto chame o dono no pv",
            "para pegar seu produto chame o dono no pv",
            "para pegar seu produto chame o dono no pv",
            "para pegar seu produto chame o dono no pv",
            "para pegar seu produto chame o dono no pv",
            "para pegar seu produto chame o dono no pv",
            "para pegar seu produto chame o dono no pv",
            "para pegar seu produto chame o dono no pv",
            "para pegar seu produto chame o dono no pv",
            "para pegar seu produto chame o dono no pv",
            "para pegar seu produto chame o dono no pv",
            "para pegar seu produto chame o dono no pv",
            "para pegar seu produto chame o dono no pv",
            "para pegar seu produto chame o dono no pv",
            "para pegar seu produto chame o dono no pv",
            "para pegar seu produto chame o dono no pv",
            "para pegar seu produto chame o dono no pv",
            "para pegar seu produto chame o dono no pv",
            "para pegar seu produto chame o dono no pv",
            "para pegar seu produto chame o dono no pv",
            "para pegar seu produto chame o dono no pv",
            "para pegar seu produto chame o dono no pv",
            "para pegar seu produto chame o dono no pv",
            "para pegar seu produto chame o dono no pv",
            "para pegar seu produto chame o dono no pv",
            "para pegar seu produto chame o dono no pv",
            "para pegar seu produto chame o dono no pv",
            "para pegar seu produto chame o dono no pv",
            "para pegar seu produto chame o dono no pv",
            "para pegar seu produto chame o dono no pv",
            "para pegar seu produto chame o dono no pv",
            "para pegar seu produto chame o dono no pv",
            "para pegar seu produto chame o dono no pv",
            "para pegar seu produto chame o dono no pv",
            "para pegar seu produto chame o dono no pv",
            "para pegar seu produto chame o dono no pv",
            "para pegar seu produto chame o dono no pv",
            "para pegar seu produto chame o dono no pv",
            "para pegar seu produto chame o dono no pv",
            "para pegar seu produto chame o dono no pv",
            "para pegar seu produto chame o dono no pv",
            "para pegar seu produto chame o dono no pv",
            "para pegar seu produto chame o dono no pv",
            "para pegar seu produto chame o dono no pv",
            "para pegar seu produto chame o dono no pv",
            "para pegar seu produto chame o dono no pv",
            "para pegar seu produto chame o dono no pv",
            "para pegar seu produto chame o dono no pv",
            "para pegar seu produto chame o dono no pv",
            "para pegar seu produto chame o dono no pv",
            "para pegar seu produto chame o dono no pv",
            "para pegar seu produto chame o dono no pv",
            "para pegar seu produto chame o dono no pv",
            "para pegar seu produto chame o dono no pv",
            "para pegar seu produto chame o dono no pv",
            "para pegar seu produto chame o dono no pv",
            "para pegar seu produto chame o dono no pv",
            "para pegar seu produto chame o dono no pv",
            "para pegar seu produto chame o dono no pv",
            "para pegar seu produto chame o dono no pv",
            "para pegar seu produto chame o dono no pv",
            "para pegar seu produto chame o dono no pv",
            "para pegar seu produto chame o dono no pv",
            "para pegar seu produto chame o dono no pv",
            "para pegar seu produto chame o dono no pv",
            "para pegar seu produto chame o dono no pv",
            "para pegar seu produto chame o dono no pv",
            "para pegar seu produto chame o dono no pv",
            "para pegar seu produto chame o dono no pv",
            "para pegar seu produto chame o dono no pv",
            "para pegar seu produto chame o dono no pv",
            "para pegar seu produto chame o dono no pv",
            "para pegar seu produto chame o dono no pv",
            "para pegar seu produto chame o dono no pv",
            "para pegar seu produto chame o dono no pv",
            "para pegar seu produto chame o dono no pv",
            "para pegar seu produto chame o dono no pv",
            "para pegar seu produto chame o dono no pv",
            "para pegar seu produto chame o dono no pv",
            "para pegar seu produto chame o dono no pv",
            "para pegar seu produto chame o dono no pv",
            "para pegar seu produto chame o dono no pv",
            "para pegar seu produto chame o dono no pv",
            "para pegar seu produto chame o dono no pv",
            "para pegar seu produto chame o dono no pv",
            "para pegar seu produto chame o dono no pv",
            "para pegar seu produto chame o dono no pv",
            "para pegar seu produto chame o dono no pv",
            "para pegar seu produto chame o dono no pv",
            "para pegar seu produto chame o dono no pv",
            "para pegar seu produto chame o dono no pv",
            "para pegar seu produto chame o dono no pv",
            "para pegar seu produto chame o dono no pv",
            "para pegar seu produto chame o dono no pv",
            "para pegar seu produto chame o dono no pv",
            "para pegar seu produto chame o dono no pv",
            "para pegar seu produto chame o dono no pv",
            "para pegar seu produto chame o dono no pv",
            "para pegar seu produto chame o dono no pv",
            "para pegar seu produto chame o dono no pv",
            "para pegar seu produto chame o dono no pv",
            "para pegar seu produto chame o dono no pv",
            "para pegar seu produto chame o dono no pv",
            "para pegar seu produto chame o dono no pv",
            "para pegar seu produto chame o dono no pv",
            "para pegar seu produto chame o dono no pv",
            "para pegar seu produto chame o dono no pv",
            "para pegar seu produto chame o dono no pv",
            "para pegar seu produto chame o dono no pv",
            "para pegar seu produto chame o dono no pv",
            "para pegar seu produto chame o dono no pv",
            "para pegar seu produto chame o dono no pv",
            "para pegar seu produto chame o dono no pv",
            "para pegar seu produto chame o dono no pv",
            "para pegar seu produto chame o dono no pv",
            "para pegar seu produto chame o dono no pv",
            "para pegar seu produto chame o dono no pv",
            "para pegar seu produto chame o dono no pv",
            "para pegar seu produto chame o dono no pv",
            "para pegar seu produto chame o dono no pv",
            "para pegar seu produto chame o dono no pv",
            "para pegar seu produto chame o dono no pv",
            "para pegar seu produto chame o dono no pv",
            "para pegar seu produto chame o dono no pv",
            "para pegar seu produto chame o dono no pv",
            "para pegar seu produto chame o dono no pv",
            "para pegar seu produto chame o dono no pv",
            "para pegar seu produto chame o dono no pv",
            "para pegar seu produto chame o dono no pv",
            "para pegar seu produto chame o dono no pv",
            "para pegar seu produto chame o dono no pv",
            "para pegar seu produto chame o dono no pv",
            "para pegar seu produto chame o dono no pv",
            "para pegar seu produto chame o dono no pv",
            "para pegar seu produto chame o dono no pv",
            "para pegar seu produto chame o dono no pv",
            "para pegar seu produto chame o dono no pv",
            "para pegar seu produto chame o dono no pv",
            "para pegar seu produto chame o dono no pv",
            "para pegar seu produto chame o dono no pv",
            "para pegar seu produto chame o dono no pv",
            "para pegar seu produto chame o dono no pv",
            "para pegar seu produto chame o dono no pv",
            "para pegar seu produto chame o dono no pv",
            "para pegar seu produto chame o dono no pv",
            "para pegar seu produto chame o dono no pv",
            "para pegar seu produto chame o dono no pv",
            "para pegar seu produto chame o dono no pv",
            "para pegar seu produto chame o dono no pv",
            "para pegar seu produto chame o dono no pv",
            "para pegar seu produto chame o dono no pv",
            "para pegar seu produto chame o dono no pv",
            "para pegar seu produto chame o dono no pv",
            "para pegar seu produto chame o dono no pv",
            "para pegar seu produto chame o dono no pv",
            "para pegar seu produto chame o dono no pv",
            "para pegar seu produto chame o dono no pv",
            "para pegar seu produto chame o dono no pv",
            "para pegar seu produto chame o dono no pv",
            "para pegar seu produto chame o dono no pv",
            "para pegar seu produto chame o dono no pv",
            "para pegar seu produto chame o dono no pv",
            "para pegar seu produto chame o dono no pv",
            "para pegar seu produto chame o dono no pv",
            "para pegar seu produto chame o dono no pv",
            "para pegar seu produto chame o dono no pv",
            "para pegar seu produto chame o dono no pv",
            "para pegar seu produto chame o dono no pv",
            "para pegar seu produto chame o dono no pv",
            "para pegar seu produto chame o dono no pv",
            "para pegar seu produto chame o dono no pv",
            "para pegar seu produto chame o dono no pv",
            "para pegar seu produto chame o dono no pv",
            "para pegar seu produto chame o dono no pv",
            "para pegar seu produto chame o dono no pv",
            "para pegar seu produto chame o dono no pv",
            "para pegar seu produto chame o dono no pv",
            "para pegar seu produto chame o dono no pv",
            "para pegar seu produto chame o dono no pv",
            "para pegar seu produto chame o dono no pv",
            "para pegar seu produto chame o dono no pv",
            "para pegar seu produto chame o dono no pv",
            "para pegar seu produto chame o dono no pv",
            "para pegar seu produto chame o dono no pv",
            "para pegar seu produto chame o dono no pv"
        ]
    }
}