{
    "943536301262554": {
        "id": "943536301262554",
        "status": "Reembolsado",
        "userid": "1014281398972076082",
        "dataid": "sábado, 8 de abril de 2023 às 02:39",
        "nomeid": "Kit Bico",
        "qtdid": "1",
        "precoid": "5",
        "entrid": "OBAAAA VOCE ADIQUIRIU NOSSO DOC VIRGEMCHAMA O ADM NO PV PARA PEGAR SEU DOCUMENTO VIRGEM!!!!"
    },
    "900822044586028": {
        "id": "900822044586028",
        "status": "Concluido",
        "userid": "724058678390685726",
        "dataid": "sábado, 8 de abril de 2023 às 02:46",
        "nomeid": "Método Nitro",
        "qtdid": "1",
        "precoid": "10",
        "entrid": "https://www.youtube.com/watch?v=vdskUtKUOJA"
    },
    "47142094429436": {
        "id": "47142094429436",
        "status": "Reembolsado",
        "userid": "1014281398972076082",
        "dataid": "sábado, 8 de abril de 2023 às 03:08",
        "nomeid": "Spotify",
        "qtdid": "1",
        "precoid": "10",
        "entrid": "para pegar seu produto chame o dono no pv"
    },
    "466656268908059": {
        "id": "466656268908059",
        "status": "Pendente (2)",
        "userid": "1086795633815466034",
        "dataid": "sábado, 8 de abril de 2023 às 15:25",
        "nomeid": "Steam Key",
        "qtdid": "1",
        "precoid": "2.50",
        "entrid": "Andamento"
    },
    "292073914601964": {
        "id": "292073914601964",
        "status": "Concluido",
        "userid": "576454266399752193",
        "dataid": "sábado, 8 de abril de 2023 às 17:50",
        "nomeid": "Steam Key",
        "qtdid": "1",
        "precoid": "2.50",
        "entrid": "Andamento"
    },
    "107224302155776": {
        "id": "107224302155776",
        "status": "Concluido",
        "userid": "861743852616155147",
        "dataid": "domingo, 9 de abril de 2023 às 00:06",
        "nomeid": "Steam Key",
        "qtdid": "1",
        "precoid": "2.50",
        "entrid": "80ZVF-6G7KQ-FXD6L."
    },
    "647674630958129": {
        "id": "647674630958129",
        "status": "Concluido",
        "userid": "756635304684683334",
        "dataid": "domingo, 9 de abril de 2023 às 13:34",
        "nomeid": "Steam Key",
        "qtdid": "1",
        "precoid": "2.50",
        "entrid": "DVTHB-NY0V4-KBHR2."
    },
    "380359272740853": {
        "id": "380359272740853",
        "status": "Reembolsado",
        "userid": "756635304684683334",
        "dataid": "domingo, 9 de abril de 2023 às 15:31",
        "nomeid": "DOAÇÃO",
        "qtdid": "1",
        "precoid": "1",
        "entrid": "tmj meu mn chame o hydra no pv para vc pegar sua recompensa!!"
    },
    "387633814958003": {
        "id": "387633814958003",
        "status": "Concluido",
        "userid": "962450971802341417",
        "dataid": "domingo, 9 de abril de 2023 às 21:41",
        "nomeid": "Steam Key",
        "qtdid": "1",
        "precoid": "2.50",
        "entrid": "XRAGV-RMY32-ACCDK."
    },
    "314813322643087": {
        "id": "314813322643087",
        "status": "Concluido",
        "userid": "1015655520696287282",
        "dataid": "domingo, 9 de abril de 2023 às 22:28",
        "nomeid": "Kit Bico",
        "qtdid": "1",
        "precoid": "5",
        "entrid": "OBAAAA VOCE ADIQUIRIU NOSSO DOC VIRGEMCHAMA O ADM NO PV PARA PEGAR SEU DOCUMENTO VIRGEM!!!!"
    },
    "512104125431870": {
        "id": "512104125431870",
        "status": "Concluido",
        "userid": "1015655520696287282",
        "dataid": "segunda-feira, 10 de abril de 2023 às 05:14",
        "nomeid": "ativaçao nitro",
        "qtdid": "1",
        "precoid": "1.50",
        "entrid": "Andamento"
    },
    "412020116879174": {
        "id": "412020116879174",
        "status": "Concluido",
        "userid": "1075101324703694888",
        "dataid": "segunda-feira, 10 de abril de 2023 às 16:09",
        "nomeid": "CONTA COM GTA 5",
        "qtdid": "1",
        "precoid": "25",
        "entrid": "Andamento"
    },
    "805501489933257": {
        "id": "805501489933257",
        "status": "Concluido",
        "userid": "949152665839996978",
        "dataid": "terça-feira, 11 de abril de 2023 às 01:19",
        "nomeid": "Steam Key",
        "qtdid": "1",
        "precoid": "2.50",
        "entrid": "Andamento"
    },
    "575403885269151": {
        "id": "575403885269151",
        "status": "Concluido",
        "userid": "756664277305131108",
        "dataid": "terça-feira, 11 de abril de 2023 às 02:10",
        "nomeid": "DOAÇÃO",
        "qtdid": "1",
        "precoid": "1",
        "entrid": "tmj meu mn chame o hydra no pv para vc pegar sua recompensa!!"
    }
}